Half Fast Subs On The Hill"4.5"1215 13th St, Boulder, CO 80302, USA"0.5350731510122482
Jimmy John's"3.2"1125 13th St, Boulder, CO 80302, USA"0.5482115701632699
Silver Mine Subs"3.5"1100 28th St, Boulder, CO 80303, USA"0.7731897510519898
Cheba Hut Toasted Subs"4.4"1313 College Ave, Boulder, CO 80302, USA"0.5037344243710102
Lindsay's Boulder Deli @ Haagen Dazs"4.1"1148 Pearl St, Boulder, CO 80302, USA"0.7668756513392275
Modern Market Eatery"4.3"1600 28th St #1212, Boulder, CO 80301, USA"0.7591414148178534
Subway"3.7"2480 Baseline Rd, Boulder, CO 80305, USA"0.5951587237791208
Organic Sandwich Company"4.2"1500 Pearl Street, Suite F, Corner of Pearl and 16th, Boulder, CO 80302, United States"0.40263218673218737
Potbelly Sandwich Shop"3.9"1685 29th St, Boulder, CO 80301, USA"0.8554818771478723
Jimmy John's"2.9"3310 Arapahoe Ave, Boulder, CO 80303, USA"1.3320689670137331
Firehouse Subs"4.2"1695 29th St, Boulder, CO 80301, USA"0.8236970389358838
Jersey Mike's Subs"4"2660 Pearl St, Boulder, CO 80302, USA"0.6400870534280768
Naked Lunch"4.5"3301 Arapahoe Ave, Boulder, CO 80303, USA"1.397678569265186
The Yellow Deli"4.5"908 Pearl St, Boulder, CO 80302, USA"1.0009658192748134
Snarf's Sandwiches"4.3"5340 Arapahoe Ave J, Boulder, CO 80303, USA"2.8044019092617343
Jimmy John's"3.5"1240 E 1st Ave, Broomfield, CO 80020, USA"14.681303772230441
Deli Zone on The Hill"4.2"1322 College Ave, Boulder, CO 80302, USA"0.4990916073879421
Cured"4.7"1825 Pearl St Ste B, Boulder, CO 80302, USA"0.1754523616822338
Snarf's Sandwiches"4.3"637 S Broadway Suite A, Boulder, CO 80305, USA"1.4139524050805654
Deli Zone Baseline"3.9"4800 Baseline Rd D104, Boulder, CO 80303, USA"2.397743388920274
